{"house": [878.9582, 413.087925], "catch": [409.83249, 495.9013175], "fish": [439.303575, 498.151125]}