{"house": [0.7579164, -0.6523517], "cat": [0.7580001, -0.6523517], "catch": [-0.18033502, -0.98360527]}