{"house": [878.9582, 413.087925], "catch": [409.83249, 495.9013175]}