{"house": [0.7579164, -0.6523517], "cat": [0.7580001, -0.6523517], "catch": [-0.18033502, -0.98360527], "task": [-0.90987855, 0.41487467], "talk": [-0.58442116, -0.8114505], "paid": [0.9307169, -0.36574042]}